-- phpMyAdmin SQL Dump
-- version 4.9.0.1
-- https://www.phpmyadmin.net/
--
-- Host: localhost
-- Generation Time: Sep 14, 2020 at 10:26 AM
-- Server version: 10.4.6-MariaDB
-- PHP Version: 7.3.9

SET SQL_MODE = "NO_AUTO_VALUE_ON_ZERO";
SET AUTOCOMMIT = 0;
START TRANSACTION;
SET time_zone = "+00:00";


/*!40101 SET @OLD_CHARACTER_SET_CLIENT=@@CHARACTER_SET_CLIENT */;
/*!40101 SET @OLD_CHARACTER_SET_RESULTS=@@CHARACTER_SET_RESULTS */;
/*!40101 SET @OLD_COLLATION_CONNECTION=@@COLLATION_CONNECTION */;
/*!40101 SET NAMES utf8mb4 */;

--
-- Database: `db_Farmer`
--

-- --------------------------------------------------------

--
-- Table structure for table `tbl_admin`
--

CREATE TABLE `tbl_admin` (
  `id` int(11) NOT NULL,
  `username` varchar(255) CHARACTER SET utf8 NOT NULL,
  `division_id` varchar(255) CHARACTER SET utf8 NOT NULL,
  `division_name` varchar(255) CHARACTER SET utf8 NOT NULL,
  `password` varchar(255) NOT NULL,
  `state` int(11) NOT NULL DEFAULT 0,
  `district_id` int(11) NOT NULL,
  `district_name` varchar(255) CHARACTER SET utf8 NOT NULL,
  `subDistrict_id` int(11) NOT NULL,
  `subDistrict_name` varchar(255) CHARACTER SET utf8 NOT NULL,
  `union_id` int(11) NOT NULL,
  `unioun_name` varchar(255) CHARACTER SET utf8 NOT NULL
) ENGINE=InnoDB DEFAULT CHARSET=latin1;

--
-- Dumping data for table `tbl_admin`
--

INSERT INTO `tbl_admin` (`id`, `username`, `division_id`, `division_name`, `password`, `state`, `district_id`, `district_name`, `subDistrict_id`, `subDistrict_name`, `union_id`, `unioun_name`) VALUES
(1, 'Secretariat', '', '', '123', 2, 0, '', 0, '', 0, ''),
(2, 'Headquarters', '', '', '123', 2, 0, '', 0, '', 0, ''),
(4, 'খুলনা ', '8', 'খুলনা ', '123', 0, 0, '', 0, '', 0, ''),
(5, 'চট্টগ্রাম', '1', 'চট্টগ্রাম', '123', 0, 0, '', 0, '', 0, ''),
(7, 'ঢাকা', '2', 'ঢাকা', '123', 1, 0, '', 0, '', 0, ''),
(10, 'ব্রাহ্মণবাড়িয়া', '1', 'চট্টগ্রাম', '123', 0, 1, 'ব্রাহ্মণবাড়িয়া', 0, '', 0, ''),
(17, 'বরিশাল ', '7', 'বরিশাল ', '123', 1, 0, '', 0, '', 0, ''),
(21, 'শিমুলবাক', '6', 'সিলেট ', '123', 5, 47, 'সুনামগঞ্জ ', 27, 'দক্ষিণ সুনামগঞ্জ ', 1, 'শিমুলবাক'),
(23, 'সিলেট', '6', 'সিলেট ', '123', 1, 0, '', 0, '', 0, ''),
(25, 'abc', '6', 'সিলেট ', '123', 4, 47, 'সুনামগঞ্জ ', 28, 'সুনামগঞ্জ সদর ', 0, ''),
(26, 'কুমিল্লা জেলা', '1', 'চট্টগ্রাম', '123', 0, 2, 'কুমিল্লা জেলা', 0, '', 0, ''),
(27, 'ওসমানীনগর ', '6', 'সিলেট ', '123', 4, 45, 'সিলেট জেলা', 3, 'ওসমানীনগর ', 0, ''),
(28, 'সিলেট জেলা', '6', 'সিলেট ', '123', 3, 45, 'সিলেট জেলা', 0, '', 0, ''),
(29, 'মৌলভীবাজার', '6', 'সিলেট ', '123', 0, 46, 'মৌলভীবাজার', 0, '', 0, ''),
(30, 'সুনামগঞ্জ ', '6', 'সিলেট ', '123', 3, 47, 'সুনামগঞ্জ ', 0, '', 0, ''),
(31, 'হবিগঞ্জ', '6', 'সিলেট ', '123', 0, 48, 'হবিগঞ্জ', 0, '', 0, ''),
(32, 'দক্ষিণ সুনামগঞ্জ ', '6', 'সিলেট ', '123', 4, 47, 'সুনামগঞ্জ ', 27, 'দক্ষিণ সুনামগঞ্জ ', 0, ''),
(33, 'ময়মনসিংহ ', '5', 'ময়মনসিংহ ', '123', 1, 0, '', 0, '', 0, ''),
(35, 'চাঁদপুর ', '1', 'চট্টগ্রাম', '123', 0, 3, 'চাঁদপুর ', 0, '', 0, ''),
(36, 'বিশ্বনাথ ', '6', 'সিলেট ', '123', 4, 45, 'সিলেট জেলা', 2, 'বিশ্বনাথ ', 0, ''),
(37, ' পশ্চিম পাগলা', '6', 'সিলেট ', '123', 5, 47, 'সুনামগঞ্জ ', 27, 'দক্ষিণ সুনামগঞ্জ ', 2, ' পশ্চিম পাগলা'),
(38, 'মোহনপুর', '6', 'সিলেট ', '123', 5, 47, 'সুনামগঞ্জ ', 28, 'সুনামগঞ্জ সদর ', 16, 'মোহনপুর'),
(39, 'জয়কলস ইউনিয়ন', '6', 'সিলেট ', '123', 5, 47, 'সুনামগঞ্জ ', 27, 'দক্ষিণ সুনামগঞ্জ ', 3, 'জয়কলস ইউনিয়ন'),
(40, 'শাল্লা ', '6', 'সিলেট ', '123', 4, 47, 'সুনামগঞ্জ ', 25, 'শাল্লা ', 0, ''),
(41, 'বাহারা', '6', 'সিলেট ', '123', 5, 47, 'সুনামগঞ্জ ', 25, 'শাল্লা ', 78, 'বাহারা'),
(42, 'পূর্ব পাগলা', '6', 'সিলেট ', '123', 5, 47, 'সুনামগঞ্জ ', 27, 'দক্ষিণ সুনামগঞ্জ ', 4, 'পূর্ব পাগলা'),
(43, 'কোম্পানীগঞ্জ ', '6', 'সিলেট ', '123', 4, 45, 'সিলেট জেলা', 7, 'কোম্পানীগঞ্জ ', 0, ''),
(44, 'পাথারিয়া ইউনিয়ন', '6', 'সিলেট ', '123', 5, 47, 'সুনামগঞ্জ ', 27, 'দক্ষিণ সুনামগঞ্জ ', 5, 'পাথারিয়া ইউনিয়ন'),
(45, 'সুরমা', '6', 'সিলেট ', '123', 5, 47, 'সুনামগঞ্জ ', 28, 'সুনামগঞ্জ সদর ', 15, 'সুরমা'),
(46, 'পূর্ব বীরগাঁও', '6', 'সিলেট ', '123', 5, 47, 'সুনামগঞ্জ ', 27, 'দক্ষিণ সুনামগঞ্জ ', 6, 'পূর্ব বীরগাঁও'),
(47, ' দরগাপাশা', '6', 'সিলেট ', '123', 5, 47, 'সুনামগঞ্জ', 27, 'দক্ষিণ সুনামগঞ্জ', 7, ' দরগাপাশা');

-- --------------------------------------------------------

--
-- Table structure for table `tbl_admin_graph`
--

CREATE TABLE `tbl_admin_graph` (
  `id` int(11) NOT NULL,
  `product_name` varchar(255) CHARACTER SET utf8 NOT NULL,
  `sell_count` int(11) NOT NULL,
  `buy_count` int(11) NOT NULL
) ENGINE=InnoDB DEFAULT CHARSET=latin1;

--
-- Dumping data for table `tbl_admin_graph`
--

INSERT INTO `tbl_admin_graph` (`id`, `product_name`, `sell_count`, `buy_count`) VALUES
(1, 'বোরো ধান', 5, 8),
(2, 'চাল', 8, 10),
(3, 'আটা', 1, 1),
(8, 'ইরি ধান', 1, 2),
(13, 'পেয়াজ', 3, 2),
(15, 'আলু', 0, 2);

-- --------------------------------------------------------

--
-- Table structure for table `tbl_complain`
--

CREATE TABLE `tbl_complain` (
  `id` int(11) NOT NULL,
  `farmer_id` int(11) NOT NULL,
  `body` varchar(255) CHARACTER SET utf8 NOT NULL
) ENGINE=InnoDB DEFAULT CHARSET=latin1;

--
-- Dumping data for table `tbl_complain`
--

INSERT INTO `tbl_complain` (`id`, `farmer_id`, `body`) VALUES
(1, 55, 'This is testing'),
(2, 55, 'hi testing'),
(3, 55, 'is it ok?');

-- --------------------------------------------------------

--
-- Table structure for table `tbl_district`
--

CREATE TABLE `tbl_district` (
  `district_id` int(11) NOT NULL,
  `division_id` int(11) NOT NULL,
  `district_name` varchar(255) CHARACTER SET utf8 NOT NULL
) ENGINE=InnoDB DEFAULT CHARSET=latin1;

--
-- Dumping data for table `tbl_district`
--

INSERT INTO `tbl_district` (`district_id`, `division_id`, `district_name`) VALUES
(1, 1, 'ব্রাহ্মণবাড়িয়া'),
(2, 1, 'কুমিল্লা জেলা'),
(3, 1, 'চাঁদপুর '),
(5, 1, 'নোয়াখালী '),
(7, 1, 'খাগড়াছড়ি'),
(8, 1, 'রাঙ্গামাটি'),
(9, 1, 'বান্দরবান'),
(10, 1, 'চট্টগ্রাম জেলা'),
(11, 1, 'কক্সবাজার '),
(12, 2, 'কিশোরগঞ্জ '),
(13, 2, 'গাজীপুর'),
(14, 2, 'গোপালগঞ্জ'),
(15, 2, 'টাঙ্গাইল'),
(16, 2, 'ঢাকা জেলা'),
(17, 2, 'নরসিংদী'),
(18, 2, 'নারায়ণগঞ্জ'),
(19, 2, 'ফরিদপুর '),
(20, 2, 'মাদারিপুর'),
(21, 2, 'মানিকগঞ্জ'),
(22, 2, 'মুন্সিগঞ্জ'),
(23, 2, 'রাজবাড়ী '),
(24, 2, 'শরিয়তপুর'),
(25, 3, 'চাঁপাইনবাবগঞ্জ'),
(26, 3, 'জয়পুরহাট'),
(27, 3, 'নওগাঁ'),
(28, 3, 'নাটোর'),
(29, 3, 'পাবনা'),
(30, 3, 'বগুড়া'),
(31, 3, 'রাজশাহী জেলা'),
(32, 3, 'সিরাজগঞ্জ'),
(33, 4, 'কুড়িগ্রাম'),
(34, 4, 'গাইবান্ধা'),
(35, 4, 'ঠাকুরগাঁও'),
(36, 4, 'দিনাজপুর'),
(37, 4, 'পঞ্চগড়'),
(38, 4, 'নীলফামারী'),
(39, 4, 'রংপুর জেলা'),
(40, 4, 'লালমনিরহাট'),
(41, 5, 'ময়মনসিংহ'),
(42, 5, 'জামালপুর'),
(43, 5, 'নেত্রকোনা'),
(44, 5, 'শেরপুর'),
(45, 6, 'সিলেট জেলা'),
(46, 6, 'মৌলভীবাজার'),
(47, 6, 'সুনামগঞ্জ '),
(48, 6, 'হবিগঞ্জ'),
(49, 7, 'বরিশাল জেলা'),
(50, 7, 'পটুয়াখালী'),
(51, 7, 'ভোলা'),
(52, 7, 'পিরোজপুর'),
(53, 7, 'বরগুনা '),
(54, 7, 'ঝালকাঠি'),
(55, 8, 'কুষ্টিয়া জেলা'),
(56, 8, 'খুলনা জেলা'),
(57, 8, 'চুয়াডাঙ্গা জেলা'),
(58, 8, 'ঝিনাইদহ'),
(59, 8, 'নড়াইল'),
(60, 8, 'বাগেরহাট'),
(61, 8, 'মাগুরা'),
(62, 8, 'মেহেরপুর'),
(63, 8, 'যশোর'),
(64, 8, 'সাতক্ষীরা'),
(65, 13, 'রংপুর জেলা'),
(66, 13, 'দিনাজপুর'),
(67, 13, 'নীলফামারী '),
(68, 13, 'গাইবান্ধা '),
(69, 13, 'লালমনিরহাট'),
(70, 13, 'ঠাকুরগাও'),
(71, 13, 'কুড়িগ্রাম'),
(72, 13, 'পঞ্চগড়'),
(73, 1, 'লক্ষ্মীপুর'),
(74, 1, 'ফেনী');

-- --------------------------------------------------------

--
-- Table structure for table `tbl_division`
--

CREATE TABLE `tbl_division` (
  `id` int(11) NOT NULL,
  `division_name` varchar(255) CHARACTER SET utf8 NOT NULL
) ENGINE=InnoDB DEFAULT CHARSET=latin1;

--
-- Dumping data for table `tbl_division`
--

INSERT INTO `tbl_division` (`id`, `division_name`) VALUES
(1, 'চট্টগ্রাম'),
(2, 'ঢাকা'),
(3, 'রাজশাহী'),
(5, 'ময়মনসিংহ '),
(6, 'সিলেট '),
(7, 'বরিশাল '),
(8, 'খুলনা '),
(13, 'রংপুর');

-- --------------------------------------------------------

--
-- Table structure for table `tbl_farmerSell`
--

CREATE TABLE `tbl_farmerSell` (
  `id` int(11) NOT NULL,
  `user_id` int(11) NOT NULL,
  `product_name` varchar(255) CHARACTER SET utf8 NOT NULL,
  `img` varchar(255) DEFAULT NULL,
  `unit_price` varchar(255) NOT NULL,
  `quantity` varchar(255) NOT NULL,
  `total_price` varchar(255) NOT NULL,
  `status` int(11) NOT NULL DEFAULT 0,
  `request` int(11) NOT NULL
) ENGINE=InnoDB DEFAULT CHARSET=latin1;

--
-- Dumping data for table `tbl_farmerSell`
--

INSERT INTO `tbl_farmerSell` (`id`, `user_id`, `product_name`, `img`, `unit_price`, `quantity`, `total_price`, `status`, `request`) VALUES
(3, 51, 'রসুন', 'rosun.jpeg', '80', '10', '800', 1, 1),
(4, 51, 'ধান', 'Dhan.jpg', '200', '5', '1000', 1, 1),
(5, 51, 'পেয়াজ', 'piaz.jpeg', '250', '10', '2500', 1, 1),
(6, 51, 'পেয়াজ', 'piaz.jpeg', '250', '10', '2500', 0, 1),
(7, 51, 'পেয়াজ', 'piaz.jpeg', '250', '10', '2500', 0, 1),
(8, 51, 'পেয়াজ', 'piaz.jpeg', '250', '10', '2500', 0, 1),
(9, 51, 'পেয়াজ', 'piaz.jpeg', '250', '10', '2500', 0, 1),
(10, 51, 'ভূট্টা', 'vutta.jpg', '60', '10', '600', 0, 1),
(11, 51, 'পেয়াজ', 'piaz.jpeg', '250', '10', '2500', 0, 1),
(12, 51, 'পেয়াজ', 'piaz.jpeg', '250', '10', '2500', 0, 1),
(13, 51, 'পেয়াজ', 'piaz.jpeg', '250', '10', '2500', 0, 1),
(14, 51, 'ধান(ব্রি হাইব্রিড) ', 'Dhan.jpg', '35', '10', '350', 0, 1),
(39, 51, 'বোরো', NULL, '34', '4', '136.00', 0, 0),
(40, 51, 'আমন', NULL, '34', '10000', '340,000.00', 0, 0),
(41, 51, 'সিদ্ধ', NULL, '40', '1', '40.00', 0, 0),
(42, 51, 'আলু', NULL, '25', '2', '40.00', 0, 0),
(43, 51, 'আটা', NULL, '40', '8', '320.00', 0, 0),
(44, 51, 'আটা', NULL, '40', '2', '80.00', 0, 0),
(45, 51, 'আটা', NULL, '40', '4', '160.00', 0, 0),
(46, 51, 'আটা', NULL, '40', '4', '160.00', 0, 0),
(47, 51, 'আটা', NULL, '40', '4', '160.00', 0, 0),
(48, 51, 'আটা', NULL, '40', '4', '160.00', 0, 0),
(49, 51, 'আটা', NULL, '40', '4', '160.00', 0, 0),
(50, 51, 'আটা', NULL, '40', '4', '160.00', 0, 0),
(51, 51, 'আটা', NULL, '40', '4', '160.00', 0, 0),
(52, 51, 'আটা', NULL, '40', '4', '160.00', 0, 0),
(53, 51, 'আটা', NULL, '40', '5', '200.00', 0, 0),
(54, 51, 'আটা', NULL, '40', '16', '640.00', 0, 0),
(56, 51, 'আটা', NULL, '40', '1', '76.00', 0, 0),
(57, 51, 'আটা', NULL, '40', '2', '38.00', 0, 0),
(58, 51, 'আমন ধান', NULL, '40', '2', '152.00', 0, 0),
(59, 51, 'আটা', NULL, '40', '4', '152.00', 0, 0),
(60, 51, 'আটা', NULL, '40', '5', '152.00', 0, 0),
(61, 51, 'আটা', NULL, '40', '1', '40.00', 0, 0),
(62, 51, 'আলু', NULL, '25', '2', '50.00', 0, 0),
(63, 51, 'আটা', NULL, '40', '1', '40.00', 0, 0),
(64, 51, 'আটা', NULL, '40', '1', '40.00', 0, 0),
(65, 55, 'রসুন', NULL, '75', '1', '75.00', 0, 1),
(66, 55, 'সরিষা', NULL, '70', '1', '70.00', 0, 1),
(67, 62, 'রসুন', NULL, '75', '1', '75.00', 0, 0),
(68, 61, 'আটা', NULL, '40', '1034', '41,360.00', 0, 0),
(69, 55, 'আলু', NULL, '25', '10', '250.00', 0, 1),
(70, 64, 'সরিষা', NULL, '70', '1', '70.00', 0, 0),
(71, 64, 'আলু', NULL, '25', '1', '25.00', 1, 1),
(72, 64, 'আলু', NULL, '25', '1', '25.00', 1, 1),
(73, 64, 'আমন ধান', NULL, '38', '1', '38.00', 0, 0),
(74, 55, 'আটা', NULL, '40', '1', '40.00', 0, 1),
(75, 55, 'আলু', NULL, '25', '1', '25.00', 0, 1),
(76, 55, 'আলু', NULL, '25', '1', '25.00', 0, 1),
(77, 60, 'আলু', NULL, '25', '1', '25.00', 0, 0),
(78, 60, 'চাল', NULL, '18', '1', '18.00', 0, 0),
(79, 60, 'আমন ধান', NULL, '38', '1', '38.00', 0, 0),
(80, 55, 'আমন ধান', NULL, '38', '344', '13,072.00', 0, 0),
(81, 9, 'আলু', NULL, '25', '1', '25.00', 0, 0),
(82, 51, 'আটা', NULL, '40', '3', '120.00', 0, 0),
(83, 51, 'আটা', NULL, '40', '2', '80.00', 0, 0),
(84, 51, 'আটা', NULL, '40', '2', '80.00', 0, 0),
(85, 51, 'আটা', NULL, '40', '2', '80.00', 0, 0),
(86, 51, 'আটা', NULL, '40', '2', '80.00', 0, 0),
(87, 51, 'আলু', NULL, '25', '2', '40.00', 0, 0),
(88, 51, 'আলু', NULL, '25', '1', '25.00', 0, 0),
(89, 51, 'আলু', NULL, '25', '1', '25.00', 0, 0),
(90, 51, 'আলু', NULL, '25', '2', '50.00', 0, 0),
(91, 51, 'আটা', NULL, '40', '1', '40.00', 0, 0),
(92, 51, 'আটা', NULL, '40', '3', '120.00', 0, 0),
(93, 51, 'আটা', NULL, '40', '5', '200.00', 0, 0),
(94, 51, 'আটা', NULL, '40', '1', '40.00', 0, 0),
(95, 51, 'আটা', NULL, '40', '1', '40.00', 0, 0),
(96, 51, 'আটা', NULL, '40', '1', '40.00', 0, 0),
(97, 51, 'আটা', NULL, '40', '1', '40.00', 0, 0),
(98, 51, 'আটা', NULL, '40', '1', '40.00', 0, 0),
(99, 51, 'আটা', NULL, '40', '1', '40.00', 0, 0),
(100, 51, 'আটা', NULL, '40', '1', '40.00', 0, 0),
(101, 51, 'আটা', NULL, '40', '1', '40.00', 0, 0),
(102, 51, 'আটা', NULL, '40', '1', '40.00', 0, 0),
(103, 55, 'ইরি ধান', NULL, '38', '1', '38.00', 0, 0),
(104, 55, 'ইরি ধান', NULL, '38', '1', '38.00', 0, 0),
(105, 55, 'ইরি ধান', NULL, '38', '1', '38.00', 0, 0),
(106, 55, 'ইরি ধান', NULL, '38', '1', '38.00', 0, 0),
(107, 55, 'ইরি ধান', NULL, '38', '1', '38.00', 0, 0),
(108, 55, 'পেয়াজ', NULL, '100', '1', '100.00', 0, 0),
(109, 55, 'পেয়াজ', NULL, '100', '1', '100.00', 0, 0),
(110, 55, 'পেয়াজ', NULL, '100', '1', '100.00', 0, 0),
(111, 55, 'পেয়াজ', NULL, '100', '1', '100.00', 0, 0),
(112, 55, 'আলু', NULL, '25', '', '', 0, 0),
(113, 55, 'আলু', NULL, '25', '1', '25.00', 0, 0);

-- --------------------------------------------------------

--
-- Table structure for table `tbl_finalOrder`
--

CREATE TABLE `tbl_finalOrder` (
  `id` int(11) NOT NULL,
  `user_id` int(11) NOT NULL,
  `product_name` varchar(255) CHARACTER SET utf8 NOT NULL,
  `img` varchar(255) DEFAULT NULL,
  `product_price` varchar(255) NOT NULL,
  `product_quantity` varchar(255) NOT NULL,
  `total_price` varchar(255) NOT NULL,
  `status` int(11) NOT NULL DEFAULT 0
) ENGINE=InnoDB DEFAULT CHARSET=latin1;

--
-- Dumping data for table `tbl_finalOrder`
--

INSERT INTO `tbl_finalOrder` (`id`, `user_id`, `product_name`, `img`, `product_price`, `product_quantity`, `total_price`, `status`) VALUES
(12, 51, 'আলু', NULL, '25', '1000', '25,000.00', 1),
(15, 51, 'আটা', NULL, '40', '1', '40.00', 0),
(16, 51, 'আলু', NULL, '25', '1', '25.00', 0),
(17, 51, 'আলু', NULL, '25', '1', '25.00', 0),
(18, 51, 'সরিষা', NULL, '75', '1', '75.00', 0),
(19, 51, 'রাবার', NULL, '92', '1', '92.00', 0),
(20, 51, 'ডাল', NULL, '35', '1', '35.00', 0),
(21, 51, 'আলু', NULL, '25', '1', '25.00', 0),
(23, 51, 'আটা', NULL, '40', '6', '240.00', 0),
(24, 51, 'ডাল', NULL, '35', '1', '35.00', 0),
(25, 51, 'গম', NULL, '40', '1', '40.00', 0),
(26, 55, 'সরিষা', NULL, '75', '1', '75.00', 0),
(27, 62, 'সিদ্ধ ধান', NULL, '40', '1', '40.00', 0),
(28, 61, 'আলু', NULL, '25', '1', '25.00', 0),
(29, 55, 'আলু', NULL, '25', '1', '25.00', 0),
(30, 64, 'আমন ধান', NULL, '40', '7', '280.00', 0),
(31, 55, 'আটা', NULL, '40', '1', '40.00', 0),
(32, 55, 'আমন ধান', NULL, '40', '2', '80.00', 0),
(33, 51, 'আটা', NULL, '40', '1', '40.00', 0),
(34, 51, 'আটা', NULL, '40', '6', '240.00', 0),
(35, 55, 'ইরি ধান', NULL, '40', '1', '40.00', 0),
(36, 55, 'পেয়াজ', NULL, '100', '1', '100.00', 0),
(37, 55, 'পেয়াজ', NULL, '100', '1', '100.00', 0),
(38, 55, 'পেয়াজ', NULL, '100', '1', '100.00', 0),
(39, 55, 'পেয়াজ', NULL, '100', '1', '100.00', 0),
(40, 55, 'পেয়াজ', NULL, '100', '1', '100.00', 0),
(41, 55, 'পেয়াজ', NULL, '100', '1', '100.00', 0),
(42, 55, 'পেয়াজ', NULL, '100', '1', '100.00', 0),
(43, 55, 'পেয়াজ', NULL, '100', '1', '100.00', 0);

-- --------------------------------------------------------

--
-- Table structure for table `tbl_graph`
--

CREATE TABLE `tbl_graph` (
  `id` int(11) NOT NULL,
  `product_id` int(11) NOT NULL,
  `buy_price` int(11) NOT NULL,
  `sell_price` int(11) NOT NULL,
  `date` timestamp NULL DEFAULT current_timestamp()
) ENGINE=InnoDB DEFAULT CHARSET=latin1;

--
-- Dumping data for table `tbl_graph`
--

INSERT INTO `tbl_graph` (`id`, `product_id`, `buy_price`, `sell_price`, `date`) VALUES
(1, 4, 40, 40, '2019-11-14 18:00:00'),
(2, 4, 35, 35, '2019-11-30 18:00:00'),
(5, 7, 250, 250, '2020-01-01 18:00:00'),
(6, 7, 210, 210, '2020-01-01 18:00:00'),
(7, 7, 200, 200, '2020-01-01 18:00:00'),
(8, 7, 180, 180, '2020-01-01 18:00:00'),
(9, 7, 150, 150, '2020-01-01 18:00:00'),
(10, 7, 120, 120, '2020-01-01 18:00:00'),
(11, 7, 100, 100, '2020-01-01 18:00:00'),
(12, 8, 100, 100, '2020-01-01 18:00:00'),
(13, 8, 95, 95, '2020-01-01 18:00:00'),
(14, 8, 90, 90, '2020-01-01 18:00:00'),
(15, 8, 75, 75, '2020-01-01 18:00:00'),
(16, 9, 35, 35, '2020-01-01 18:00:00'),
(17, 9, 32, 32, '2020-01-01 18:00:00'),
(18, 9, 30, 30, '2020-01-01 18:00:00'),
(19, 9, 25, 25, '2020-01-01 18:00:00'),
(20, 17, 140, 140, '2020-01-01 18:00:00'),
(21, 17, 110, 120, '2020-01-01 18:00:00'),
(22, 17, 90, 100, '2020-01-01 18:00:00'),
(23, 17, 90, 92, '2020-01-01 18:00:00'),
(24, 18, 45, 46, '2020-01-01 18:00:00'),
(25, 18, 40, 42, '2020-01-01 18:00:00'),
(26, 18, 38, 40, '2020-01-01 18:00:00'),
(27, 19, 46, 47, '2020-01-01 18:00:00'),
(28, 19, 42, 45, '2020-01-01 18:00:00'),
(29, 19, 40, 42, '2020-01-01 18:00:00'),
(30, 19, 38, 40, '2020-01-01 18:00:00'),
(31, 20, 47, 48, '2020-01-01 18:00:00'),
(32, 20, 42, 45, '2020-01-01 18:00:00'),
(33, 20, 40, 42, '2020-01-01 18:00:00'),
(34, 20, 40, 40, '2020-01-01 18:00:00'),
(35, 21, 24, 25, '2020-01-01 18:00:00'),
(36, 21, 24, 26, '2020-01-01 18:00:00'),
(37, 21, 19, 20, '2020-01-01 18:00:00'),
(38, 25, 92, 90, '2020-01-01 18:00:00'),
(39, 25, 90, 90, '2020-01-01 18:00:00'),
(40, 25, 80, 85, '2020-01-01 18:00:00'),
(41, 25, 70, 75, '2020-01-01 18:00:00'),
(42, 6, 60, 60, '2020-01-01 18:00:00'),
(43, 6, 50, 55, '2020-01-01 18:00:00'),
(44, 6, 70, 80, '2020-01-01 18:00:00'),
(45, 6, 30, 35, '2020-01-01 18:00:00'),
(46, 5, 60, 60, '2020-01-01 18:00:00'),
(47, 5, 50, 55, '2020-01-01 18:00:00'),
(48, 5, 45, 50, '2020-01-01 18:00:00'),
(49, 3, 40, 39, '2020-01-01 18:00:00'),
(50, 3, 40, 40, '2020-01-01 18:00:00'),
(51, 3, 39, 40, '2020-01-01 18:00:00'),
(52, 2, 25, 25, '2020-01-01 18:00:00'),
(53, 2, 20, 22, '2020-01-01 18:00:00'),
(54, 2, 18, 20, '2020-01-01 18:00:00'),
(55, 1, 34, 36, '2020-01-01 18:00:00'),
(56, 1, 33, 35, '2020-01-01 18:00:00'),
(57, 1, 30, 32, '2020-01-01 18:00:00'),
(58, 1, 30, 32, '2020-01-29 03:22:57'),
(59, 2, 18, 20, '2020-01-29 03:30:06'),
(60, 3, 39, 40, '2020-01-29 03:30:18'),
(61, 4, 40, 40, '2020-01-29 03:30:32'),
(62, 5, 45, 50, '2020-01-29 03:30:44'),
(63, 6, 30, 35, '2020-01-29 03:30:57'),
(64, 7, 100, 100, '2020-01-29 03:31:12'),
(65, 8, 75, 75, '2020-01-29 03:31:25'),
(66, 9, 25, 25, '2020-01-29 03:31:41'),
(67, 17, 90, 92, '2020-01-29 03:31:52'),
(68, 18, 38, 40, '2020-01-29 03:32:06'),
(69, 19, 38, 40, '2020-01-29 03:32:22'),
(70, 20, 40, 40, '2020-01-29 03:32:35'),
(71, 21, 19, 20, '2020-01-29 03:32:53');

-- --------------------------------------------------------

--
-- Table structure for table `tbl_likes`
--

CREATE TABLE `tbl_likes` (
  `likes_id` int(11) NOT NULL,
  `post_id` int(11) NOT NULL,
  `user_id` int(11) NOT NULL,
  `date` timestamp NOT NULL DEFAULT current_timestamp()
) ENGINE=InnoDB DEFAULT CHARSET=latin1;

--
-- Dumping data for table `tbl_likes`
--

INSERT INTO `tbl_likes` (`likes_id`, `post_id`, `user_id`, `date`) VALUES
(1, 2, 59, '2019-12-07 22:33:00'),
(2, 2, 59, '2019-12-07 22:33:00'),
(3, 1, 59, '2019-12-07 22:33:00'),
(4, 2, 59, '2019-12-07 22:33:00'),
(5, 3, 59, '2019-12-07 22:34:00'),
(6, 2, 59, '2019-12-07 22:34:00'),
(7, 3, 59, '2019-12-07 22:34:00'),
(8, 2, 59, '2019-12-07 22:34:00'),
(9, 1, 59, '2019-12-07 22:34:00'),
(10, 3, 59, '2019-12-07 22:38:00'),
(11, 3, 59, '2019-12-07 22:38:00'),
(12, 2, 59, '2019-12-07 22:38:00'),
(13, 3, 59, '2019-12-07 22:38:00'),
(14, 2, 59, '2019-12-07 22:38:00'),
(15, 1, 59, '2019-12-07 22:38:00'),
(16, 1, 59, '2019-12-07 22:38:00'),
(17, 2, 59, '2019-12-07 22:38:00'),
(18, 3, 59, '2019-12-07 22:38:00'),
(19, 3, 59, '2019-12-07 22:41:00'),
(20, 2, 59, '2019-12-07 22:41:00'),
(21, 2, 59, '2019-12-07 22:42:00'),
(22, 3, 59, '2019-12-07 22:42:00'),
(23, 1, 59, '2019-12-07 22:45:00'),
(24, 1, 59, '2019-12-07 22:46:00'),
(25, 1, 59, '2019-12-07 22:46:00'),
(26, 1, 59, '2019-12-07 22:46:00'),
(27, 1, 59, '2019-12-07 23:09:00'),
(28, 1, 59, '2019-12-07 23:10:00'),
(29, 1, 59, '2019-12-07 23:11:00'),
(30, 2, 59, '2019-12-07 23:11:00'),
(31, 3, 59, '2019-12-07 23:11:00'),
(32, 1, 59, '2019-12-07 23:11:00'),
(33, 2, 59, '2019-12-07 23:11:00'),
(34, 3, 59, '2019-12-07 23:12:00'),
(35, 3, 59, '2019-12-07 23:12:00'),
(36, 3, 59, '2019-12-07 23:12:00'),
(37, 3, 59, '2019-12-07 23:12:00'),
(38, 3, 59, '2019-12-07 23:12:00'),
(39, 2, 59, '2019-12-07 23:12:00'),
(40, 2, 59, '2019-12-07 23:12:00'),
(41, 2, 59, '2019-12-07 23:12:00'),
(42, 1, 59, '2019-12-07 23:12:00'),
(43, 1, 59, '2019-12-07 23:12:00'),
(44, 1, 59, '2019-12-07 23:12:00'),
(45, 1, 2, '2019-12-12 00:20:00'),
(46, 1, 51, '2019-12-13 00:49:00'),
(47, 3, 51, '2019-12-13 00:49:00'),
(48, 3, 51, '2019-12-13 00:49:00'),
(49, 2, 51, '2019-12-13 00:49:00'),
(50, 1, 51, '2019-12-16 05:36:00'),
(51, 1, 51, '2019-12-16 05:36:00'),
(52, 1, 51, '2019-12-16 05:36:00'),
(53, 1, 51, '2019-12-16 05:36:00'),
(54, 1, 51, '2019-12-16 05:36:00'),
(55, 1, 51, '2019-12-16 05:36:00'),
(56, 2, 51, '2019-12-16 05:37:00'),
(57, 1, 51, '2019-12-18 03:06:00'),
(58, 1, 51, '2020-01-05 00:58:00'),
(59, 1, 51, '2020-01-05 00:58:00'),
(60, 1, 51, '2020-01-05 00:58:00'),
(61, 1, 51, '2020-01-05 00:58:00'),
(62, 1, 51, '2020-01-05 00:58:00'),
(63, 1, 51, '2020-01-05 00:58:00'),
(64, 1, 51, '2020-01-05 00:58:00'),
(65, 3, 51, '2020-01-12 01:48:00'),
(66, 3, 51, '2020-01-12 01:48:00'),
(67, 3, 51, '2020-01-12 01:48:00'),
(68, 3, 51, '2020-01-12 01:48:00'),
(69, 3, 51, '2020-01-12 01:48:00'),
(70, 3, 51, '2020-01-12 01:48:00'),
(71, 3, 51, '2020-01-12 01:48:00'),
(72, 3, 51, '2020-01-12 01:48:00'),
(73, 3, 51, '2020-01-12 01:48:00'),
(74, 3, 51, '2020-01-12 01:48:00'),
(75, 3, 51, '2020-01-12 01:48:00'),
(76, 3, 51, '2020-01-12 01:48:00'),
(77, 3, 51, '2020-01-12 01:48:00'),
(78, 3, 51, '2020-01-12 01:48:00'),
(79, 3, 51, '2020-01-12 01:48:00'),
(80, 3, 51, '2020-01-12 01:48:00'),
(81, 3, 51, '2020-01-12 01:48:00'),
(82, 3, 51, '2020-01-12 01:48:00'),
(83, 3, 51, '2020-01-12 01:48:00'),
(84, 3, 51, '2020-01-12 01:48:00'),
(85, 3, 51, '2020-01-12 01:48:00'),
(86, 3, 51, '2020-01-12 01:48:00'),
(87, 3, 51, '2020-01-12 01:48:00'),
(88, 3, 51, '2020-01-12 01:48:00'),
(89, 1, 55, '2020-01-30 05:20:00'),
(90, 1, 55, '2020-01-30 05:20:00'),
(91, 1, 55, '2020-01-30 05:20:00'),
(92, 1, 55, '2020-01-30 05:20:00'),
(93, 1, 55, '2020-01-30 05:20:00'),
(94, 1, 55, '2020-01-30 05:20:00'),
(95, 1, 55, '2020-01-30 05:20:00'),
(96, 1, 55, '2020-01-30 05:20:00'),
(97, 1, 55, '2020-01-30 05:20:00'),
(98, 1, 55, '2020-01-30 05:20:00'),
(99, 1, 55, '2020-01-30 05:20:00'),
(100, 1, 55, '2020-01-30 05:20:00'),
(101, 1, 55, '2020-01-30 05:20:00'),
(102, 2, 55, '2020-01-30 05:21:00'),
(103, 2, 55, '2020-01-30 05:21:00');

-- --------------------------------------------------------

--
-- Table structure for table `tbl_message`
--

CREATE TABLE `tbl_message` (
  `id` int(11) NOT NULL,
  `message` varchar(255) CHARACTER SET utf8 NOT NULL,
  `sender_id` int(11) NOT NULL,
  `img` varchar(255) NOT NULL,
  `sender_name` varchar(255) CHARACTER SET utf8 NOT NULL,
  `time` timestamp NOT NULL DEFAULT current_timestamp() ON UPDATE current_timestamp(),
  `read_status` int(11) NOT NULL DEFAULT 0,
  `urs` int(11) NOT NULL DEFAULT 0,
  `fread_status` int(11) NOT NULL DEFAULT 0,
  `replier_id` int(11) NOT NULL,
  `reply_by` varchar(255) CHARACTER SET utf8 NOT NULL,
  `reply_to` varchar(255) CHARACTER SET utf8 NOT NULL,
  `conType` int(11) NOT NULL DEFAULT 0
) ENGINE=InnoDB DEFAULT CHARSET=latin1;

--
-- Dumping data for table `tbl_message`
--

INSERT INTO `tbl_message` (`id`, `message`, `sender_id`, `img`, `sender_name`, `time`, `read_status`, `urs`, `fread_status`, `replier_id`, `reply_by`, `reply_to`, `conType`) VALUES
(27, 'hi', 51, '', '', '2020-01-15 06:12:38', 1, 1, 0, 0, 'মোহনপুর', '51', 0),
(30, 'hi', 51, '', '', '2020-01-16 06:15:06', 1, 1, 0, 0, 'মোহনপুর', '51', 1),
(31, 'balo acen Rakib', 51, '', '', '2020-01-16 06:15:06', 1, 1, 0, 0, 'মোহনপুর', '51', 1),
(32, 'yes,Alhamdulillah valo asi', 51, '', '', '2020-01-16 06:15:06', 1, 1, 0, 0, 'মোহনপুর', '51', 0),
(33, 'hello', 64, '', '', '2020-01-18 08:34:11', 1, 0, 0, 0, '', '64', 0),
(34, 'goru', 64, '', '', '2020-01-19 05:03:56', 1, 1, 0, 0, 'বাহারা', '64', 1),
(35, 'hi', 55, '', '', '2020-01-24 11:38:55', 1, 1, 0, 0, 'সুরমা', '55', 0),
(36, 'hi', 55, '', '', '2020-01-24 11:38:55', 1, 1, 0, 0, 'সুরমা', '55', 0),
(37, 'hello', 55, '', '', '2020-02-05 05:05:51', 1, 1, 0, 0, 'সুরমা', '55', 1),
(38, 'are you here', 55, '', '', '2020-02-05 05:05:51', 1, 1, 0, 0, 'সুরমা', '55', 1),
(39, 'thank you', 51, '', '', '2020-01-24 13:40:16', 1, 1, 0, 0, 'মোহনপুর', '51', 0),
(40, 'thank you', 51, '', '', '2020-01-24 13:40:16', 1, 1, 0, 0, 'মোহনপুর', '51', 0),
(41, 'hello', 51, '', '', '2020-02-05 05:05:02', 1, 0, 0, 0, 'মোহনপুর', '51', 0),
(42, 'hello', 51, '', '', '2020-02-05 05:05:02', 1, 0, 0, 0, 'মোহনপুর', '51', 0),
(43, 'hello', 51, '', '', '2020-02-05 05:05:02', 1, 0, 0, 0, 'মোহনপুর', '51', 0),
(44, 'hello', 51, '', '', '2020-02-05 05:05:02', 1, 0, 0, 0, 'মোহনপুর', '51', 0);

-- --------------------------------------------------------

--
-- Table structure for table `tbl_news`
--

CREATE TABLE `tbl_news` (
  `id` int(11) NOT NULL,
  `news_title` varchar(255) CHARACTER SET utf8 NOT NULL,
  `news_body` varchar(2550) CHARACTER SET utf8 NOT NULL,
  `img` varchar(255) NOT NULL,
  `post_time` timestamp NOT NULL DEFAULT current_timestamp()
) ENGINE=InnoDB DEFAULT CHARSET=latin1;

--
-- Dumping data for table `tbl_news`
--

INSERT INTO `tbl_news` (`id`, `news_title`, `news_body`, `img`, `post_time`) VALUES
(1, 'মধ্যবিত্তর মাথায় হাত, আকাশ ছুঁয়েছে দাম, হেঁশেলে ঢুকছে না পিঁয়াজ\r\n', 'পিয়াজের ঝাঁঝে চোখে জল মধ্যবিত্তের। পিয়াজের দাম ৪০ ছাড়িয়েছে। কোথাও কোথাও এক কেজি পিয়াজ কিনতে হচ্ছে ৫০ টাকা দিয়ে। মহারাষ্ট্রে লাগাতার বৃষ্টির জেরে ফলন কমেছে। রাজ্যে ট্রাকও কম আসছে। স্বভাবতই প্রভাব পড়ছে পিয়াজের দামে।  আলুর দম কি মাংসের ঝোল। খাবার পাতে স্যালাড। পিয়াজ তো মাস্ট। কিন্তু সেই পিয়াজের ঝাঁজে চোখে জল মধ্যবিত্তের।হোম » খবর » কলকাতা মধ্যবিত্তর মাথায় হাত, আকাশ ছুঁয়েছে দাম, হেঁশেলে ঢুকছে না পিঁয়াজ    মধ্যবিত্তর মাথায় হাত, আকাশ ছুঁয়েছে দাম, হেঁশেলে ঢুকছে না পিঁয়াজPhoto- File NEWS18 BANGLA LAST UPDATED: AUGUST 28, 2019, 4:12 PM IST SHARE THIS:     Bangla Editor #কলকাতা: পিয়াজের ঝাঁঝে চোখে জল মধ্যবিত্তের। পিয়াজের দাম ৪০ ছাড়িয়েছে। কোথাও কোথাও এক কেজি পিয়াজ কিনতে হচ্ছে ৫০ টাকা দিয়ে। মহারাষ্ট্রে লাগাতার বৃষ্টির জেরে ফলন কমেছে। রাজ্যে ট্রাকও কম আসছে। স্বভাবতই প্রভাব পড়ছে পিয়াজের দামে।  আলুর দম কি মাংসের ঝোল। খাবার পাতে স্যালাড। পিয়াজ তো মাস্ট। কিন্তু সেই পিয়াজের ঝাঁজে চোখে জল মধ্যবিত্তের।  পেঁয়াজের ঝাঁজে চোখে জল  শহরের বিভিন্ন বাজারে পেঁয়াজের কেজি ৪০-৫০ টাকা  ১০ দিন আগেও যা ছিল ২৮-৩০ টাকামধ্যবিত্তের পকেটে টান। বাধ্য হয়ে কমাতে হয়েছে পেঁয়াজের ব্যবহার।রাজ্যে বছরে পেঁয়াজ লাগে ৮.২ লক্ষ মেট্রিক টন। তার মধ্যে প্রায় ৬ লক্ষ টন পেঁয়াজ মহারাষ্ট্র ও কর্নাটক থেকে আমদানি করতে হয়। রাজ্যে উৎপাদিত ৫ লক্ষ মেট্রিক টনের মাত্র দেড় লক্ষ মেট্রিট টনই বাজারে বিক্রি হয়।  কমেছে পেঁয়াজের আমদানি</p>', 'piaz4.jpg', '2019-12-11 18:00:00'),
(2, 'কৃষকের কথা ভাবার কেউ নেই', 'এক বিঘা জমিতে সবজি চাষ করতে খরচ হয় ২০ হাজার টাকার মতো। অথচ সবজি বিক্রি করে ১৫ হাজার টাকাও উঠছে না। কৃষকের লোকসান পাঁচ হাজার টাকা। এই চিত্র দেশের উত্তরাঞ্চলের। তবে সব জায়গায়ই কৃষকের লোকসান হচ্ছে। একটু কমবেশি আরকি। মওসুমের শুরুতে মুলার মণ ছিল এক হাজার ২০০ টাকা। এখন তা ২০০ টাকা। প্রতি কেজি মুলা পাঁচ টাকা। রাজধানী শহর ঢাকায় মুলার কেজি ২০ থেকে ২৫ টাকা। কৃষক যে মুলা পাঁচ টাকা কেজি বিক্রি করে। কয়েক দফা হাত বদল হয়। হাত বদলকারীরা লাভবান হয় বেশি। কৃষক হয় ক্ষতির শিকার।\r\nমধ্যস্বত্বভোগীদের নিয়ে অনেক কথা হয়। তাদের নিয়ন্ত্রণ, অবৈধ মুনাফা রোধ করা হবে। অনেক দিন থেকেই এমন কথা শুনে আসছি। আজো কৃষকের দুঃখ দূর করার ব্যবস্থা হয়নি। বাড়তি আয়ের জন্য যারা সবজি চাষ করেছিলেন। তাদের অবস্থা আরো শোচনীয়। এ মওসুমে আবার ধান বিক্রি করেও কৃষকের লাভ হয়নি। এমন হলে কৃষক বাঁচবে কিভাবে? দেশের বিভিন্ন অঞ্চলে কৃষিপণ্য সংরক্ষণের জন্য আধুনিক গুদামের দরকার। তাও করা হচ্ছে না। কৃষক না বাঁচলে কৃষির উন্নতি হবে না। সামান্য লাভ হলেই খেটেখাওয়া কৃষক খুশি হয়। তাদের মুখে হাসি ফুটে। কৃষক সবজির সঠিক মূল্য থেকে বঞ্চিত হন। প্রতি বছরই এ ঘটনা ঘটে। এটা নতুন নয়। তবে এ সমস্যা দূর করতে কোনো ব্যবস্থা নেই। আমাদের বিজ্ঞানীরা সবজির আধুনিক চাষাবাদ ও জাত উদ্ভাবন করেছেন। ধানেরও নতুন জাত এসেছে। কৃষিতে নতুন যন্ত্রপাতির ব্যবহার বেড়েছে। তবে দুঃখ এটাই কৃষকের জীবনে পরিবর্তন কমই এসেছে। বন্যা, ঝড়, খরা প্রভৃতি প্রকৃতিক দুর্যোগ যখন তখন হানা দিয়েছে। কৃষক সব হারিয়ে পথে বসেছে। আবার দাড়া সোজা করে দাঁড়িয়েছে। সবুজ ফসলে ছেয়ে দিয়ে জমি। লোকসান সত্ত্বেও কৃষক হাল ছাড়েনি। তবে আর কতকাল হাল ধরে রাখতে পারবে কে জানে। এত কিছুর পরেও দেশে সবজির উৎপাদন কমেনি। ও দিকে, জমি কমেছে, ধানের উৎপাদন বেড়েছে। বাজার মনিটরিংয়ে যারা কাজ করেন, তারা সঠিকভাবে দায়িত্ব পালন করলে বাজারের এমন দশা হওয়ার কথা কি? সরকার ফসলের ন্যায্যমূল্য পাওয়ার ব্যবস্থা করবে, এটিই প্রত্যাশা করছি।', 'rice_yield1.jpg', '2019-12-02 14:56:45'),
(3, 'দাম বেড়েছে চালের, লাভ নেই কৃষকের', 'দেশে চালের দাম বেড়েছে। বাড়তি ধানের দামও। কিন্তু এমন সময়ে দাম বাড়ল, যখন প্রান্তিক কৃষকের কাছে ধান নেই। ফলে এই মূল্যবৃদ্ধির সুবিধাভোগী মূলত মিলমালিক, আড়তদার ও বড় কৃষকেরা। আর বিপাকে পড়েছে সাধারণ মানুষ।\r\n\r\nঢাকার পাইকারি বাজারে গত ১৫ দিনে সরু মিনিকেট চালের দাম কেজিতে ৫ থেকে ৭ টাকা বৃদ্ধির কথা জানান ব্যবসায়ীরা। অন্যদিকে মাঝারি বিআর-২৮ ও সমজাতীয় চালের দাম বেড়েছে ৩ থেকে ৪ টাকা। মোটা চালের দাম তুলনামূলক কম বেড়েছে, কেজিপ্রতি ২ টাকার মতো।মোহাম্মদপুর কৃষি মার্কেট, পুরান ঢাকার বাবুবাজার-বাদামতলী ও কারওয়ান বাজারের চালের আড়তে বিভিন্ন মিলের মিনিকেট চাল কেজিপ্রতি ৪৫ থেকে ৪৬ টাকা দরে বিক্রি হচ্ছে। বিআর-২৮ চাল মানভেদে বিক্রি হচ্ছে ৩২-৩৬ টাকা দরে। আর মোটা স্বর্ণাজাতীয় চাল বিক্রি হচ্ছে ২৭-২৮ টাকা কেজি দরে। \r\n\r\nপাইকারি বাজারে মূল্যবৃদ্ধির প্রভাব পড়ছে খুচরায়। মোহাম্মদপুর টাউন হল মার্কেট, কাজীপাড়া, তেজগাঁও ও কারওয়ান বাজারের খুচরা দোকানে মিনিকেট ৪৮, ৫০ ও ৫২ টাকা কেজি দরে বিক্রি করছেন বিক্রেতারা। বিআর-২৮ জাতের চাল উঠেছে ৩৬, ৩৮ ও ৪০ টাকায়। আর মোটা চাল তাঁরা ৩২ থেকে ৩৪ টাকা চাইছেন।', 'siddo.jpg', '2019-12-02 14:59:38');

-- --------------------------------------------------------

--
-- Table structure for table `tbl_news_category`
--

CREATE TABLE `tbl_news_category` (
  `cat_id` int(11) NOT NULL,
  `cat_name` varchar(255) CHARACTER SET utf8 NOT NULL
) ENGINE=InnoDB DEFAULT CHARSET=latin1;

--
-- Dumping data for table `tbl_news_category`
--

INSERT INTO `tbl_news_category` (`cat_id`, `cat_name`) VALUES
(1, 'রাজনীতি'),
(2, 'অর্থনীতি'),
(3, 'আন্তর্জাতিক'),
(4, 'কৃষি'),
(5, 'সংস্কৃতি'),
(6, 'ধর্ম'),
(7, 'সাম্প্রতিক'),
(8, 'খেলাধুলা');

-- --------------------------------------------------------

--
-- Table structure for table `tbl_news_comment`
--

CREATE TABLE `tbl_news_comment` (
  `id` int(11) NOT NULL,
  `news_id` int(11) NOT NULL,
  `comment` varchar(255) CHARACTER SET utf8 NOT NULL,
  `user_id` int(11) NOT NULL,
  `user_name` varchar(255) CHARACTER SET utf8 NOT NULL,
  `created_at` timestamp NOT NULL DEFAULT current_timestamp() ON UPDATE current_timestamp()
) ENGINE=InnoDB DEFAULT CHARSET=latin1;

--
-- Dumping data for table `tbl_news_comment`
--

INSERT INTO `tbl_news_comment` (`id`, `news_id`, `comment`, `user_id`, `user_name`, `created_at`) VALUES
(51, 1, 'd', 52, 'ইমরান খন্দকার', '2019-12-07 05:02:45'),
(52, 1, 'd', 52, 'ইমরান খন্দকার', '2019-12-07 05:02:47'),
(53, 2, 'h', 52, 'ইমরান খন্দকার', '2019-12-07 05:03:13'),
(54, 3, 's', 52, 'ইমরান খন্দকার', '2019-12-07 05:13:12'),
(55, 3, 'o', 52, 'ইমরান খন্দকার', '2019-12-07 05:16:23'),
(56, 3, 'ki', 52, 'ইমরান খন্দকার', '2019-12-07 05:19:57'),
(57, 2, 'sssssss', 52, 'ইমরান খন্দকার', '2019-12-07 05:29:26'),
(58, 3, 'hi', 52, 'ইমরান খন্দকার', '2019-12-07 05:31:28'),
(59, 2, 'sssssssssssss', 52, 'ইমরান খন্দকার', '2019-12-07 05:34:04'),
(60, 3, 'ssssssssssssssssssssssssssssss', 52, 'ইমরান খন্দকার', '2019-12-07 05:35:27'),
(61, 1, 's', 52, 'ইমরান খন্দকার', '2019-12-07 05:40:16'),
(62, 2, 'sssssaaa', 52, 'ইমরান খন্দকার', '2019-12-07 05:40:52'),
(63, 3, 'very good', 52, 'ইমরান খন্দকার', '2019-12-07 05:42:55'),
(64, 3, 'hahahha', 52, 'ইমরান খন্দকার', '2019-12-07 05:44:31'),
(65, 3, 'ok', 52, 'ইমরান খন্দকার', '2019-12-07 05:45:43'),
(66, 3, 'masum', 52, 'ইমরান খন্দকার', '2019-12-07 06:19:25'),
(67, 3, 'sssssaaasasa', 52, 'ইমরান খন্দকার', '2019-12-07 06:20:55'),
(68, 2, 'ki', 52, 'ইমরান খন্দকার', '2019-12-07 06:23:42'),
(69, 2, 'ki', 52, 'ইমরান খন্দকার', '2019-12-07 06:23:49'),
(70, 3, 'shinur', 52, 'ইমরান খন্দকার', '2019-12-07 06:29:08'),
(71, 2, 'hello shinur', 52, 'ইমরান খন্দকার', '2019-12-07 06:30:02'),
(72, 2, 'fg', 11, 'Shafira Saklin', '2019-12-07 15:46:35'),
(73, 1, 'hi', 51, 'রাকিবুল হাসান', '2019-12-13 05:49:14'),
(74, 2, 'ki', 51, 'রাকিবুল হাসান', '2019-12-13 05:49:28'),
(75, 3, 'Oi kitha be\n', 51, 'রাকিবুল হাসান', '2019-12-16 10:37:30'),
(76, 1, 'nice i want to buy this', 55, 'রফিকুল আলম মারুফ', '2020-01-30 10:21:12');

-- --------------------------------------------------------

--
-- Table structure for table `tbl_notice`
--

CREATE TABLE `tbl_notice` (
  `notice_id` int(11) NOT NULL,
  `notice_title` varchar(255) CHARACTER SET utf8 NOT NULL,
  `notice_body` varchar(255) CHARACTER SET utf8 NOT NULL,
  `time` timestamp NOT NULL DEFAULT current_timestamp() ON UPDATE current_timestamp()
) ENGINE=InnoDB DEFAULT CHARSET=latin1;

--
-- Dumping data for table `tbl_notice`
--

INSERT INTO `tbl_notice` (`notice_id`, `notice_title`, `notice_body`, `time`) VALUES
(1, 'পিয়াজের দাম বাড়ানোর বিষয়ে সতর্কীকরণ', 'পিয়াজে দাম বাড়ানোর বিষয়ে সতর্কীকরণ', '2019-12-09 18:00:00'),
(2, 'আলুর দাম পুনর্নির্ধারণ', 'আলুর দাম পুনর্নির্ধারণ', '2019-12-02 12:46:16'),
(3, 'আলুর দাম পুনর্নির্ধারণ', 'আলুর দাম পুনর্নির্ধারণ', '2019-12-02 12:50:15'),
(4, 'আটার বিশুদ্ধকরণ প্রসঙ্গে', 'আটার বিশুদ্ধকরণ প্রসঙ্গে', '2019-12-02 12:50:15'),
(5, 'বীজ ধান বপনের প্রশিক্ষণ প্রসঙ্গে', 'এতদ্বারা জানানো যাইতেছে যে সকল কৃষককে বীজ ধান রোপনের ব্যাপারে প্রশিক্ষণ দেয়া হবে এতে সকল কৃষককে সম্মানী প্রদান করা হলো', '2019-12-09 18:00:00');

-- --------------------------------------------------------

--
-- Table structure for table `tbl_order`
--

CREATE TABLE `tbl_order` (
  `id` int(11) NOT NULL,
  `user_id` int(11) NOT NULL,
  `img` varchar(255) NOT NULL,
  `product_name` varchar(255) CHARACTER SET utf8 NOT NULL,
  `product_price` int(11) NOT NULL,
  `total_price` int(11) NOT NULL,
  `product_quantity` int(11) NOT NULL
) ENGINE=InnoDB DEFAULT CHARSET=latin1;

--
-- Dumping data for table `tbl_order`
--

INSERT INTO `tbl_order` (`id`, `user_id`, `img`, `product_name`, `product_price`, `total_price`, `product_quantity`) VALUES
(19, 53, 'ata.jpg', 'আটা', 40, 40, 5),
(20, 53, 'alu.jpg', 'আলু', 25, 25, 6),
(21, 53, 'gom.jpeg', 'গম', 400, 400, 2),
(22, 53, 'siddo.jpg', 'চাল', 200, 200, 6),
(129, 55, 'amon3.jpeg', 'আমন ধান', 40, 40, 1);

-- --------------------------------------------------------

--
-- Table structure for table `tbl_product`
--

CREATE TABLE `tbl_product` (
  `id` int(11) NOT NULL,
  `product_name` varchar(255) CHARACTER SET utf8 NOT NULL,
  `buy_price` varchar(255) NOT NULL,
  `sell_price` int(255) NOT NULL,
  `sell_amount` int(11) NOT NULL,
  `description` varchar(255) CHARACTER SET utf8 NOT NULL,
  `img` varchar(255) NOT NULL,
  `img1` varchar(255) NOT NULL,
  `img2` varchar(255) NOT NULL,
  `img3` varchar(255) NOT NULL,
  `img4` varchar(255) NOT NULL,
  `addedBy` varchar(255) CHARACTER SET utf8 NOT NULL,
  `post_time` timestamp NOT NULL DEFAULT current_timestamp() ON UPDATE current_timestamp()
) ENGINE=InnoDB DEFAULT CHARSET=latin1;

--
-- Dumping data for table `tbl_product`
--

INSERT INTO `tbl_product` (`id`, `product_name`, `buy_price`, `sell_price`, `sell_amount`, `description`, `img`, `img1`, `img2`, `img3`, `img4`, `addedBy`, `post_time`) VALUES
(1, 'বোরো ধান', '30', 32, 10, 'বোরো ধান বা বাসন্তিক ধান বাংলাদেশের ধানের একটি জাত। উৎপাদনের সময়ের উপর নির্ভর করে ধানের প্রধান যে তিনটি শ্রেণিভেদ করা হয়, বোরো তাদের অন্যতম। বোরোর মৌসুম শুরু হয় আমনের মৌসুম শেষ হবার পরে। ধান রোপণ শুরু হয় বাংলা কার্তিক (অক্টোবর-নভেম্বর) মাস থেকে এবং ধা', 'images_(1)1.jpeg', 'amon1.jpeg', 'Dhan1.jpg', 'dhan11.jpg', 'Dhan-Mandi-Bhav1.jpg', '', '2020-01-28 18:00:00'),
(2, 'চাল', '18', 20, 20, 'সরাসরি কৃষকের মাঠ থেকে সংগ্রহকৃত দেশের এক নম্বর   ধান(বোরো)। কোন প্রকার ক্ষতি কারক সার ছাড়া উৎপাদন কৃত,সম্পূর্ণ  পাউডার মুক্ত।', 'siddo1.jpg', 'chal11.jpeg', 'chal21.jpeg', 'chal31.jpeg', 'chal41.jpeg', '', '2020-01-28 18:00:00'),
(3, 'গম', '39', 40, 25, 'সরাসরি কৃষকের মাঠ থেকে সংগ্রহকৃত দেশের এক নম্বর   ধান(বোরো)। কোন প্রকার ক্ষতি কারক সার ছাড়া উৎপাদন কৃত,সম্পূর্ণ  পাউডার মুক্ত।', 'gom1.jpeg', 'goom11.jpeg', 'goom21.jpeg', 'goom31.jpeg', 'goom41.jpeg', '', '2020-01-28 18:00:00'),
(4, 'আটা', '40', 40, 30, 'সরাসরি কৃষকের মাঠ থেকে সংগ্রহকৃত দেশের এক নম্বর   ধান(বোরো)। কোন প্রকার ক্ষতি কারক সার ছাড়া উৎপাদন কৃত,সম্পূর্ণ  পাউডার মুক্ত।', 'ata2.jpg', 'ata11.jpg', 'ata21.jpeg', 'ata31.jpeg', 'ata41.jpeg', '', '2020-01-28 18:00:00'),
(5, 'ভূট্টা', '45', 50, 35, 'সরাসরি কৃষকের মাঠ থেকে সংগ্রহকৃত দেশের এক নম্বর   ধান(বোরো)। কোন প্রকার ক্ষতি কারক সার ছাড়া উৎপাদন কৃত,সম্পূর্ণ  পাউডার মুক্ত।', 'vutta1.jpg', 'butta11.jpeg', 'butta21.jpeg', 'butta31.jpeg', 'butta41.jpeg', '', '2020-01-28 18:00:00'),
(6, 'ডাল', '30', 35, 40, 'সরাসরি কৃষকের মাঠ থেকে সংগ্রহকৃত দেশের এক নম্বর   ধান(বোরো)। কোন প্রকার ক্ষতি কারক সার ছাড়া উৎপাদন কৃত,সম্পূর্ণ  পাউডার মুক্ত।', 'Dal1.jpg', 'dal11.jpeg', 'dal21.jpeg', 'dal31.jpeg', 'dal41.jpeg', '', '2020-01-28 18:00:00'),
(7, 'পেয়াজ', '100', 100, 45, 'সরাসরি কৃষকের মাঠ থেকে সংগ্রহকৃত দেশের এক নম্বর   ধান(বোরো)। কোন প্রকার ক্ষতি কারক সার ছাড়া উৎপাদন কৃত,সম্পূর্ণ  পাউডার মুক্ত।', 'piaz2.jpeg', 'piaz11.jpeg', 'piaz21.jpg', 'piaz31.jpg', 'piaz41.jpg', '', '2020-01-28 18:00:00'),
(8, 'রসুন', '75', 75, 50, 'সরাসরি কৃষকের মাঠ থেকে সংগ্রহকৃত দেশের এক নম্বর   ধান(বোরো)। কোন প্রকার ক্ষতি কারক সার ছাড়া উৎপাদন কৃত,সম্পূর্ণ  পাউডার মুক্ত।', 'rosun1.jpeg', 'roshun11.jpeg', 'roshun21.jpeg', 'roshun31.jpeg', 'roshun41.jpeg', '', '2020-01-28 18:00:00'),
(9, 'আলু', '25', 25, 100, 'সরাসরি কৃষকের মাঠ থেকে সংগ্রহকৃত দেশের এক নম্বর   ধান(বোরো)। কোন প্রকার ক্ষতি কারক সার ছাড়া উৎপাদন কৃত,সম্পূর্ণ  পাউডার মুক্ত।', 'alu1.jpg', 'alu11.jpeg', 'alu21.jpeg', 'alu31.jpeg', 'alu41.jpeg', '', '2020-01-28 18:00:00'),
(17, 'রাবার', '90', 92, 100, 'মাঠ থেকে সরাসরি সংগ্রহকৃত রাবার প্রক্রিয়াজাতকৃত এবং প্রক্রিয়াজাত ছাড়া সর্বপ্রকার রাবার সরবরাহ আছে', 'rabar4.jpg', 'rabar11.jpg', 'rabar21.jpg', 'rabar31.jpg', 'rabar41.jpeg', 'Secretariat', '2020-01-28 18:00:00'),
(18, 'ইরি ধান', '38', 40, 100, 'সরাসরি কৃষকের মাঠ থেকে সংগ্রহকৃত দেশের এক নম্বর   ধান(বোরো)। কোন প্রকার ক্ষতি কারক সার ছাড়া উৎপাদন কৃত,সম্পূর্ণ  পাউডার মুক্ত।', 'Dhan-Mandi-Bhav2.jpg', 'dhan12.jpg', 'rice_yield11.jpg', '15057555771.jpg', 'amon2.jpeg', 'Sacretariate', '2020-01-28 18:00:00'),
(19, 'আমন ধান', '38', 40, 100, 'সরাসরি কৃষকের মাঠ থেকে সংগ্রহকৃত দেশের এক নম্বর   ধান(বোরো)। কোন প্রকার ক্ষতি কারক সার ছাড়া উৎপাদন কৃত,সম্পূর্ণ  পাউডার মুক্ত।', 'amon3.jpeg', 'amon11.jpeg', 'amon21.jpeg', 'profile11.jpg', 'dhan13.jpg', 'Sacretariate', '2020-01-28 18:00:00'),
(20, 'সিদ্ধ ধান', '40', 40, 100, 'সরাসরি কৃষকের মাঠ থেকে সংগ্রহকৃত দেশের এক নম্বর   ধান(বোরো)। কোন প্রকার ক্ষতি কারক সার ছাড়া উৎপাদন কৃত,সম্পূর্ণ  পাউডার মুক্ত।', 'dhan14.jpg', 'Dhan2.jpg', '150575557711.jpg', 'chal32.jpeg', 'chal42.jpeg', 'Sacretariate', '2020-01-28 18:00:00'),
(21, 'লাল আটা', '19', 20, 0, 'সরাসরি কৃষকের মাঠ থেকে সংগ্রহকৃত দেশের এক নম্বর   ধান(বোরো)। কোন প্রকার ক্ষতি কারক সার ছাড়া উৎপাদন কৃত,সম্পূর্ণ  পাউডার মুক্ত।', 'lalata1.jpeg', 'ata3.jpg', 'ata12.jpg', 'ata21.jpg', 'ata42.jpeg', 'Sacretariate', '2020-01-28 18:00:00'),
(25, 'সরিষা', '70', 75, 0, 'সরিষা বা সরষে ব্রাসিকা বা ক্রুসিফেরি গোত্রের কয়েক প্রজাতির তেল প্রদায়ী দ্বিবীজপত্রী উদ্ভিদ।এর ডিম্বক বক্রমুখী ৷ সরিষার দানা মশলা হিসেবে ব্যবহৃত হয়। এছাড়াও সরিষার দানা পানির সাথে মিশিয়ে ভিনেগারসহ বিভিন্ন তরল তৈরি করা হয়, দানা পিষে সরিষার তেল তৈরি করা', 'shorisha2.jpg', 'sorisha113.jpeg', 'sorisha21.jpg', 'sorisha32.jpeg', 'sorisha41.jpeg', '', '2020-01-01 18:00:00'),
(26, 'dragon ful', '12', 23, 23, 'ddd', 'Screenshot_from_2019-10-01_09-50-37.png', 'Screenshot_from_2019-10-01_09-50-371.png', 'Screenshot_from_2020-01-18_12-02-47.png', 'Screenshot_from_2020-01-18_12-04-361.png', 'Screenshot_from_2020-01-18_12-02-471.png', 'Secretariat', '0000-00-00 00:00:00');

-- --------------------------------------------------------

--
-- Table structure for table `tbl_product_request`
--

CREATE TABLE `tbl_product_request` (
  `id` int(11) NOT NULL,
  `product_name` varchar(255) CHARACTER SET utf8 NOT NULL,
  `img` varchar(255) NOT NULL,
  `description` varchar(255) CHARACTER SET utf8 NOT NULL,
  `requestToSac` int(11) NOT NULL DEFAULT 0,
  `user_id` int(11) NOT NULL
) ENGINE=InnoDB DEFAULT CHARSET=latin1;

--
-- Dumping data for table `tbl_product_request`
--

INSERT INTO `tbl_product_request` (`id`, `product_name`, `img`, `description`, `requestToSac`, `user_id`) VALUES
(4, 'মরিচ', 'morich2.jpeg', 'মরিচ বা লংকা এক প্রকারের ফল যা মসলা হিসাবে ঝাল স্বাদের জন্য রান্নায় ব্যবহার করা হয়। ক্যাপসিকাম গণের সোলানেসি পরিবারের উদ্ভিদের ফলকে সাধারণভাবে মরিচ বলা হয়ে থাকে। মরিচের ফলকে মসলা হিসাবে ব্যবহার করা হয়। মরিচের আদি নিবাস আমেরিকা মহাদেশে। তবে বর্তমানে পৃ', 1, 55),
(5, 'dragon ful', 'Screenshot_from_2019-09-18_21-06-372.png', 'jdfk', 1, 51);

-- --------------------------------------------------------

--
-- Table structure for table `tbl_registration`
--

CREATE TABLE `tbl_registration` (
  `id` int(11) NOT NULL,
  `name` varchar(255) CHARACTER SET utf8 COLLATE utf8_estonian_ci NOT NULL,
  `division` varchar(255) CHARACTER SET utf8 NOT NULL,
  `district` varchar(255) CHARACTER SET utf8 NOT NULL,
  `upozila` varchar(255) CHARACTER SET utf8 NOT NULL,
  `unioun` varchar(255) CHARACTER SET utf8 NOT NULL,
  `mobaile` varchar(11) NOT NULL,
  `nidnumber` varchar(255) NOT NULL,
  `pic` varchar(355) NOT NULL,
  `password` varchar(255) NOT NULL,
  `date` timestamp NOT NULL DEFAULT current_timestamp() ON UPDATE current_timestamp()
) ENGINE=InnoDB DEFAULT CHARSET=latin1;

--
-- Dumping data for table `tbl_registration`
--

INSERT INTO `tbl_registration` (`id`, `name`, `division`, `district`, `upozila`, `unioun`, `mobaile`, `nidnumber`, `pic`, `password`, `date`) VALUES
(51, 'রাকিবুল হাসান', 'সিলেট ', 'সুনামগঞ্জ ', 'সুনামগঞ্জ সদর ', 'মোহনপুর', '01548613498', '1234567891234', 'profile1.jpg', '123', '2019-12-28 02:03:01'),
(55, 'রফিকুল আলম মারুফ', 'সিলেট ', 'সুনামগঞ্জ ', 'সুনামগঞ্জ সদর ', 'সুরমা', '01748613498', '1111567891234', 'wp2297972.jpg', '123', '0000-00-00 00:00:00'),
(60, 'সাকলাইন সজীব', 'সিলেট ', 'সুনামগঞ্জ ', 'সুনামগঞ্জ সদর ', 'সুরমা', '01748613499', '1552312345678', '12.jpg', '123', '0000-00-00 00:00:00'),
(61, 'ইউনুস', 'চট্টগ্রাম', 'চট্টগ্রাম জেলা', 'মীরসরাই', 'ওসমানপুর', '01748613448', '1231234545678', 'Ajijul1.jpg', '123', '0000-00-00 00:00:00'),
(62, 'আতাহার আলী খান', 'সিলেট ', 'সিলেট জেলা', 'কোম্পানীগঞ্জ ', 'ইসাকলস', '01748613345', '3211233211234', 'guide41.jpg', '123', '0000-00-00 00:00:00'),
(63, 'ইমন', 'সিলেট ', 'সিলেট জেলা', 'কোম্পানীগঞ্জ ', 'ইসলামপুর পশ্চিম', '01748116498', '3421234432156', 'Guljer1.jpg', '123', '0000-00-00 00:00:00'),
(64, 'Tanvir', 'সিলেট ', 'সুনামগঞ্জ ', 'শাল্লা ', 'বাহারা', '01779275434', '1232112346790', 'images_(1)12.jpeg', '123', '0000-00-00 00:00:00'),
(65, 'গুলজার হোসেন', 'সিলেট ', 'সুনামগঞ্জ ', 'দক্ষিণ সুনামগঞ্জ ', ' দরগাপাশা', '01748888888', '7654321123456', 'footer_11.jpg', '123', '0000-00-00 00:00:00'),
(66, 'kjfjdkjfd', 'সিলেট ', 'সুনামগঞ্জ ', 'সুনামগঞ্জ সদর ', 'সুরমা', '01724988645', '1212908765432', 'Screenshot_from_2019-09-18_21-06-371.png', '123', '0000-00-00 00:00:00');

-- --------------------------------------------------------

--
-- Table structure for table `tbl_subDistrict`
--

CREATE TABLE `tbl_subDistrict` (
  `subDistrict_id` int(11) NOT NULL,
  `district_id` int(11) NOT NULL,
  `subDistrict_name` varchar(255) CHARACTER SET utf8 NOT NULL
) ENGINE=InnoDB DEFAULT CHARSET=latin1;

--
-- Dumping data for table `tbl_subDistrict`
--

INSERT INTO `tbl_subDistrict` (`subDistrict_id`, `district_id`, `subDistrict_name`) VALUES
(2, 45, 'বিশ্বনাথ '),
(3, 45, 'ওসমানীনগর '),
(4, 45, 'দক্ষিণ সুরমা '),
(5, 45, 'বালাগঞ্জ '),
(6, 45, 'ফেঞ্চুগঞ্জ '),
(7, 45, 'কোম্পানীগঞ্জ '),
(8, 45, 'গোয়াইনঘাট'),
(9, 45, 'জৈন্তাপুর '),
(10, 45, 'কানাইঘাট '),
(11, 45, 'জকিগঞ্জ '),
(12, 45, 'বিয়ানীবাজার '),
(13, 45, 'গোলাপগঞ্জ '),
(14, 46, 'জুড়ী '),
(15, 46, 'বড়লেখা '),
(16, 46, 'কুলাউড়া '),
(17, 46, 'রাজনগর '),
(18, 46, 'মৌলভীবাজার সদর'),
(19, 46, 'শ্রীমঙ্গল '),
(20, 46, 'কমলগঞ্জ '),
(21, 47, 'ধর্মপাশা '),
(22, 47, 'তাহিরপুর '),
(23, 47, 'জামালগঞ্জ '),
(24, 47, 'দিরাই '),
(25, 47, 'শাল্লা '),
(26, 47, 'জগন্নাথপুর '),
(27, 47, 'দক্ষিণ সুনামগঞ্জ '),
(28, 47, 'সুনামগঞ্জ সদর '),
(29, 47, 'বিশ্বম্ভরপুর '),
(30, 47, 'ছাতক '),
(31, 47, 'দোয়ারাবাজার '),
(32, 16, 'সাভার'),
(33, 46, 'মাধবপুর'),
(34, 48, 'বানিয়াচং'),
(35, 48, 'চুনারুঘাট'),
(36, 46, 'বাহুবল'),
(37, 48, 'আজমিরীগঞ্জ'),
(38, 48, 'নবীগঞ্জ'),
(39, 48, 'হবিগঞ্জ সদর'),
(40, 48, 'লাখাই'),
(41, 48, 'শায়েস্তাগঞ্জ'),
(42, 10, 'মীরসরাই'),
(43, 10, 'সীতাকুণ্ড'),
(44, 10, 'ফটিকছড়ি'),
(45, 10, 'রাউজান'),
(46, 10, 'রাঙ্গুনিয়া'),
(47, 10, 'হাটহাজারী'),
(48, 10, 'সাতকানিয়া'),
(49, 10, 'পটিয়া'),
(50, 10, 'চন্দনাইশ'),
(51, 10, 'লোহাগাড়া'),
(52, 10, 'সন্দ্বীপ'),
(53, 10, 'বোয়ালখালি'),
(54, 10, 'আনোয়ারা'),
(55, 10, 'বাঁশখালী'),
(56, 10, 'কর্ণফুলী');

-- --------------------------------------------------------

--
-- Table structure for table `tbl_subProduct`
--

CREATE TABLE `tbl_subProduct` (
  `id` int(11) NOT NULL,
  `product_id` int(11) NOT NULL,
  `subProduct_name` varchar(255) CHARACTER SET utf8 NOT NULL,
  `img` varchar(255) NOT NULL,
  `sell_price` varchar(255) NOT NULL,
  `buy_price` varchar(255) NOT NULL,
  `addedBy` varchar(255) CHARACTER SET utf8 NOT NULL,
  `post_time` timestamp NOT NULL DEFAULT current_timestamp() ON UPDATE current_timestamp()
) ENGINE=InnoDB DEFAULT CHARSET=latin1;

--
-- Dumping data for table `tbl_subProduct`
--

INSERT INTO `tbl_subProduct` (`id`, `product_id`, `subProduct_name`, `img`, `sell_price`, `buy_price`, `addedBy`, `post_time`) VALUES
(1, 1, 'বোরো', 'boro.jpeg', '35', '34', '', '2019-12-10 08:22:42'),
(2, 1, 'ইরি', 'iri.jpeg', '35', '35', '', '2019-12-10 08:22:42'),
(3, 1, 'আমন', 'amon.jpeg', '36', '34', '', '2019-12-10 08:22:42'),
(4, 1, 'সিদ্ধ', 'siddo.jpg', '40', '40', '', '2019-12-10 08:22:42'),
(5, 4, 'লাল আটা', 'lalata.jpeg', '23', '22', '', '0000-00-00 00:00:00');

-- --------------------------------------------------------

--
-- Table structure for table `tbl_union`
--

CREATE TABLE `tbl_union` (
  `union_id` int(11) NOT NULL,
  `subDistrict_id` int(11) NOT NULL,
  `unioun_name` varchar(255) CHARACTER SET utf8 NOT NULL
) ENGINE=InnoDB DEFAULT CHARSET=latin1;

--
-- Dumping data for table `tbl_union`
--

INSERT INTO `tbl_union` (`union_id`, `subDistrict_id`, `unioun_name`) VALUES
(1, 27, 'শিমুলবাক'),
(2, 27, ' পশ্চিম পাগলা'),
(3, 27, 'জয়কলস ইউনিয়ন'),
(4, 27, 'পূর্ব পাগলা'),
(5, 27, 'পাথারিয়া ইউনিয়ন'),
(6, 27, 'পূর্ব বীরগাঁও'),
(7, 27, ' দরগাপাশা'),
(8, 27, ' পশ্চিম বীরগাঁও'),
(9, 28, 'জাহাঙ্গীরনগর '),
(11, 28, 'আপ্তাবনগর'),
(12, 28, 'গৌরারং'),
(13, 28, ' লক্ষণশ্রী '),
(14, 28, ' কাঠইর'),
(15, 28, 'সুরমা'),
(16, 28, 'মোহনপুর'),
(17, 28, ' মোল্লাপাড়া'),
(18, 30, 'ছাতক সদর'),
(19, 29, 'পলাশ'),
(20, 29, 'সলুকাবাদ'),
(21, 29, 'ধনপুর'),
(22, 29, 'বাদাঘাট দক্ষিণ ইউনিয়ন'),
(23, 29, 'ফতেপুর'),
(24, 30, 'ইসলামপুর ইউনিয়ন'),
(25, 30, 'নোয়ারাই'),
(26, 30, 'কালারুকা'),
(27, 30, 'গোবিন্দগঞ্জ-সৈদেরগাঁও'),
(28, 30, 'ছৈলা আফজলাবাদ'),
(29, 30, 'খুরমা উত্তর'),
(30, 30, 'খুরমা দক্ষিণ'),
(31, 30, 'চরমহল্লা'),
(32, 30, ' জাউয়া বাজার'),
(33, 30, 'সিংচাপইড়'),
(34, 28, 'দোলারবাজার'),
(35, 30, 'ভাতগাঁও ইউনিয়ন'),
(36, 26, 'কলকলিয়া'),
(37, 26, 'পাটলী'),
(38, 26, 'মীরপুর ইউনিয়ন'),
(39, 26, 'চিলাউড়া হলদিপুর ইউনিয়ন'),
(40, 26, 'রানীগঞ্জ'),
(41, 26, 'সৈয়দপুর শাহাড়পাড়া'),
(42, 26, 'আশারকান্দি'),
(43, 26, 'পাইলগাঁও'),
(44, 31, 'বাংলাবাজার'),
(45, 31, 'নরসিংহপুর'),
(46, 31, 'দোয়ারাবাজার  ইউনিয়ন'),
(47, 31, 'মান্নারগাঁও'),
(48, 31, 'পান্ডারগাঁও,'),
(50, 31, ' দোহালিয়া'),
(51, 31, 'লক্ষীপুর'),
(52, 31, 'বোগলাবাজার'),
(53, 31, 'সুরমা'),
(54, 22, 'শ্রীপুর উত্তর'),
(55, 22, 'শ্রীপুর দক্ষিণ'),
(56, 22, 'বড়দল দক্ষিণ'),
(57, 22, 'বড়দল উত্তর'),
(58, 22, 'বাদাঘাট'),
(59, 22, 'তাহিরপুর সদর'),
(60, 22, 'বালিজুরী'),
(61, 21, 'বংশীকুন্ডা উত্তর'),
(62, 21, 'বংশীকুন্ডা দক্ষিণ'),
(63, 21, 'চামরদানী'),
(64, 21, 'মধ্যনগর'),
(65, 21, 'পাইকুরাটী'),
(66, 21, 'সেলবরষ'),
(67, 21, 'ধর্মপাশা সদর'),
(68, 21, 'জয়শ্রী'),
(69, 21, 'সুখাইড় রাজাপুর উত্তর'),
(70, 21, 'সুখাইড় রাজাপুর দক্ষিণ'),
(71, 23, 'বেহেলী'),
(72, 23, 'সাচনাবাজার'),
(73, 23, 'ভীমখালী'),
(74, 23, 'ফেনারবাক'),
(75, 23, 'জামালগঞ্জ সদর'),
(76, 25, 'আটগাঁও'),
(77, 25, 'হবিবপুর'),
(78, 25, 'বাহারা'),
(79, 25, 'শাল্লা সদর'),
(80, 24, 'রফিনগর'),
(81, 24, 'ভাটিপাড়া'),
(82, 24, 'রাজানগর'),
(83, 24, 'চরনারচর'),
(84, 24, 'দিরাই সরমঙ্গল'),
(85, 24, 'করিমপুর'),
(86, 24, 'জগদল'),
(87, 24, 'তাড়ল'),
(88, 24, 'কুলঞ্জ'),
(89, 7, 'তেলিখাল'),
(90, 7, 'ইসলামপুর পশ্চিম'),
(91, 7, 'ইসলামপুর পূর্ব'),
(92, 7, 'ইসাকলস'),
(93, 7, 'উত্তর রনিখাই'),
(94, 7, 'দক্ষিন রনিখাই'),
(95, 5, 'তাজপুর'),
(96, 5, ' উমরপুর'),
(97, 5, 'পশ্চিম পৈলনপুর'),
(98, 5, 'পূর্ব পৈলনপুর'),
(99, 5, 'বোয়ালজুর'),
(100, 5, 'বুরুঙ্গাবাজার'),
(101, 5, 'গোয়ালাবাজার'),
(102, 5, 'দয়ামীর'),
(103, 5, 'উসমানপুর'),
(104, 5, 'দেওয়ান বাজার'),
(105, 5, 'পশ্চিম গৌরীপুর'),
(106, 5, 'পূর্ব গৌরীপুর'),
(107, 5, ' বালাগঞ্জ  ইউনিয়ন'),
(108, 5, ' সাদিরপুর'),
(109, 42, 'করেরহাট'),
(110, 42, 'হিংগুলি'),
(111, 42, 'জোরারগঞ্জ'),
(112, 42, 'ধুম'),
(113, 42, 'ওসমানপুর'),
(114, 42, 'ইছাখালী'),
(115, 42, ' কাটাছরা'),
(116, 42, 'দূর্গাপুর'),
(117, 42, 'মীরসরাই'),
(118, 42, 'মিঠানালা'),
(119, 42, 'মঘাদিয়া'),
(120, 42, 'খৈয়াছরা'),
(121, 42, ' মায়ানী');

--
-- Indexes for dumped tables
--

--
-- Indexes for table `tbl_admin`
--
ALTER TABLE `tbl_admin`
  ADD PRIMARY KEY (`id`);

--
-- Indexes for table `tbl_admin_graph`
--
ALTER TABLE `tbl_admin_graph`
  ADD PRIMARY KEY (`id`);

--
-- Indexes for table `tbl_complain`
--
ALTER TABLE `tbl_complain`
  ADD PRIMARY KEY (`id`);

--
-- Indexes for table `tbl_district`
--
ALTER TABLE `tbl_district`
  ADD PRIMARY KEY (`district_id`);

--
-- Indexes for table `tbl_division`
--
ALTER TABLE `tbl_division`
  ADD PRIMARY KEY (`id`);

--
-- Indexes for table `tbl_farmerSell`
--
ALTER TABLE `tbl_farmerSell`
  ADD PRIMARY KEY (`id`);

--
-- Indexes for table `tbl_finalOrder`
--
ALTER TABLE `tbl_finalOrder`
  ADD PRIMARY KEY (`id`);

--
-- Indexes for table `tbl_graph`
--
ALTER TABLE `tbl_graph`
  ADD PRIMARY KEY (`id`);

--
-- Indexes for table `tbl_likes`
--
ALTER TABLE `tbl_likes`
  ADD PRIMARY KEY (`likes_id`);

--
-- Indexes for table `tbl_message`
--
ALTER TABLE `tbl_message`
  ADD PRIMARY KEY (`id`);

--
-- Indexes for table `tbl_news`
--
ALTER TABLE `tbl_news`
  ADD PRIMARY KEY (`id`);

--
-- Indexes for table `tbl_news_category`
--
ALTER TABLE `tbl_news_category`
  ADD PRIMARY KEY (`cat_id`);

--
-- Indexes for table `tbl_news_comment`
--
ALTER TABLE `tbl_news_comment`
  ADD PRIMARY KEY (`id`);

--
-- Indexes for table `tbl_notice`
--
ALTER TABLE `tbl_notice`
  ADD PRIMARY KEY (`notice_id`);

--
-- Indexes for table `tbl_order`
--
ALTER TABLE `tbl_order`
  ADD PRIMARY KEY (`id`);

--
-- Indexes for table `tbl_product`
--
ALTER TABLE `tbl_product`
  ADD PRIMARY KEY (`id`);

--
-- Indexes for table `tbl_product_request`
--
ALTER TABLE `tbl_product_request`
  ADD PRIMARY KEY (`id`);

--
-- Indexes for table `tbl_registration`
--
ALTER TABLE `tbl_registration`
  ADD PRIMARY KEY (`id`);

--
-- Indexes for table `tbl_subDistrict`
--
ALTER TABLE `tbl_subDistrict`
  ADD PRIMARY KEY (`subDistrict_id`);

--
-- Indexes for table `tbl_subProduct`
--
ALTER TABLE `tbl_subProduct`
  ADD PRIMARY KEY (`id`);

--
-- Indexes for table `tbl_union`
--
ALTER TABLE `tbl_union`
  ADD PRIMARY KEY (`union_id`);

--
-- AUTO_INCREMENT for dumped tables
--

--
-- AUTO_INCREMENT for table `tbl_admin`
--
ALTER TABLE `tbl_admin`
  MODIFY `id` int(11) NOT NULL AUTO_INCREMENT, AUTO_INCREMENT=48;

--
-- AUTO_INCREMENT for table `tbl_admin_graph`
--
ALTER TABLE `tbl_admin_graph`
  MODIFY `id` int(11) NOT NULL AUTO_INCREMENT, AUTO_INCREMENT=16;

--
-- AUTO_INCREMENT for table `tbl_complain`
--
ALTER TABLE `tbl_complain`
  MODIFY `id` int(11) NOT NULL AUTO_INCREMENT, AUTO_INCREMENT=4;

--
-- AUTO_INCREMENT for table `tbl_district`
--
ALTER TABLE `tbl_district`
  MODIFY `district_id` int(11) NOT NULL AUTO_INCREMENT, AUTO_INCREMENT=75;

--
-- AUTO_INCREMENT for table `tbl_division`
--
ALTER TABLE `tbl_division`
  MODIFY `id` int(11) NOT NULL AUTO_INCREMENT, AUTO_INCREMENT=16;

--
-- AUTO_INCREMENT for table `tbl_farmerSell`
--
ALTER TABLE `tbl_farmerSell`
  MODIFY `id` int(11) NOT NULL AUTO_INCREMENT, AUTO_INCREMENT=114;

--
-- AUTO_INCREMENT for table `tbl_finalOrder`
--
ALTER TABLE `tbl_finalOrder`
  MODIFY `id` int(11) NOT NULL AUTO_INCREMENT, AUTO_INCREMENT=44;

--
-- AUTO_INCREMENT for table `tbl_graph`
--
ALTER TABLE `tbl_graph`
  MODIFY `id` int(11) NOT NULL AUTO_INCREMENT, AUTO_INCREMENT=72;

--
-- AUTO_INCREMENT for table `tbl_likes`
--
ALTER TABLE `tbl_likes`
  MODIFY `likes_id` int(11) NOT NULL AUTO_INCREMENT, AUTO_INCREMENT=104;

--
-- AUTO_INCREMENT for table `tbl_message`
--
ALTER TABLE `tbl_message`
  MODIFY `id` int(11) NOT NULL AUTO_INCREMENT, AUTO_INCREMENT=45;

--
-- AUTO_INCREMENT for table `tbl_news`
--
ALTER TABLE `tbl_news`
  MODIFY `id` int(11) NOT NULL AUTO_INCREMENT, AUTO_INCREMENT=5;

--
-- AUTO_INCREMENT for table `tbl_news_category`
--
ALTER TABLE `tbl_news_category`
  MODIFY `cat_id` int(11) NOT NULL AUTO_INCREMENT, AUTO_INCREMENT=9;

--
-- AUTO_INCREMENT for table `tbl_news_comment`
--
ALTER TABLE `tbl_news_comment`
  MODIFY `id` int(11) NOT NULL AUTO_INCREMENT, AUTO_INCREMENT=77;

--
-- AUTO_INCREMENT for table `tbl_notice`
--
ALTER TABLE `tbl_notice`
  MODIFY `notice_id` int(11) NOT NULL AUTO_INCREMENT, AUTO_INCREMENT=6;

--
-- AUTO_INCREMENT for table `tbl_order`
--
ALTER TABLE `tbl_order`
  MODIFY `id` int(11) NOT NULL AUTO_INCREMENT, AUTO_INCREMENT=130;

--
-- AUTO_INCREMENT for table `tbl_product`
--
ALTER TABLE `tbl_product`
  MODIFY `id` int(11) NOT NULL AUTO_INCREMENT, AUTO_INCREMENT=27;

--
-- AUTO_INCREMENT for table `tbl_product_request`
--
ALTER TABLE `tbl_product_request`
  MODIFY `id` int(11) NOT NULL AUTO_INCREMENT, AUTO_INCREMENT=6;

--
-- AUTO_INCREMENT for table `tbl_registration`
--
ALTER TABLE `tbl_registration`
  MODIFY `id` int(11) NOT NULL AUTO_INCREMENT, AUTO_INCREMENT=67;

--
-- AUTO_INCREMENT for table `tbl_subDistrict`
--
ALTER TABLE `tbl_subDistrict`
  MODIFY `subDistrict_id` int(11) NOT NULL AUTO_INCREMENT, AUTO_INCREMENT=57;

--
-- AUTO_INCREMENT for table `tbl_subProduct`
--
ALTER TABLE `tbl_subProduct`
  MODIFY `id` int(11) NOT NULL AUTO_INCREMENT, AUTO_INCREMENT=6;

--
-- AUTO_INCREMENT for table `tbl_union`
--
ALTER TABLE `tbl_union`
  MODIFY `union_id` int(11) NOT NULL AUTO_INCREMENT, AUTO_INCREMENT=122;
COMMIT;

/*!40101 SET CHARACTER_SET_CLIENT=@OLD_CHARACTER_SET_CLIENT */;
/*!40101 SET CHARACTER_SET_RESULTS=@OLD_CHARACTER_SET_RESULTS */;
/*!40101 SET COLLATION_CONNECTION=@OLD_COLLATION_CONNECTION */;
